Workbook

Sheet Hoja1
A1: RENIPRES | B1: E.S | C1: N° RIS
A2: 5627 | B2: C.S. CRUZ DE MOTUPE | C2: =VLOOKUP(B2,ES!$B$3:$D$85,2,FALSE) -> RIS 7
A3: 5615 | B3: C.S. SU SANTIDAD JUAN PABLO II | C3: =VLOOKUP(B3,ES!$B$3:$D$85,2,FALSE) -> RIS 7
A4: 5624 | B4: C.S. JAIME ZUBIETA | C4: =VLOOKUP(B4,ES!$B$3:$D$85,2,FALSE) -> RIS 7
A5: 5622 | B5: C.S. HUASCAR XV | C5: =VLOOKUP(B5,ES!$B$3:$D$85,2,FALSE) -> RIS 6
A6: 5834 | B6: C.S. LA LIBERTAD | C6: =VLOOKUP(B6,ES!$B$3:$D$85,2,FALSE) -> RIS 5
A7: 6196 | B7: C.S.M.I. MAGDALENA | C7: =VLOOKUP(B7,ES!$B$3:$D$85,2,FALSE) -> RIS 2
A8: 5848 | B8: C.S. CAMPOY | C8: =VLOOKUP(B8,ES!$B$3:$D$85,2,FALSE) -> RIS 5
A9: 5618 | B9: C.S. GANIMEDES | C9: =VLOOKUP(B9,ES!$B$3:$D$85,2,FALSE) -> RIS 6
A10: 5628 | B10: C.S. JOSE CARLOS MARIATEGUI | C10: =VLOOKUP(B10,ES!$B$3:$D$85,2,FALSE) -> RIS 7
A11: 5838 | B11: C.S. SAN FERNANDO | C11: =VLOOKUP(B11,ES!$B$3:$D$85,2,FALSE) -> RIS 5
A12: 6198 | B12: C.S. SAN MIGUEL | C12: =VLOOKUP(B12,ES!$B$3:$D$85,2,FALSE) -> RIS 2
A13: 5616 | B13: C.S. 10 DE OCTUBRE | C13: =VLOOKUP(B13,ES!$B$3:$D$85,2,FALSE) -> RIS 7
... A70: 34256 | B70: C.S.M.C. JAIME ZUBIETA | C70: =VLOOKUP(B70,ES!$B$3:$D$85,2,FALSE) -> RIS 7

Sheet ES
B2: EESS | C2: EESS_RIS | D2: RENAES
B3: C.S. JUAN PEREZ CARRANZA | C3: RIS 1 | D3: 6171
B4: C.S. SAN SEBASTIAN | C4: RIS 1 | D4: 6191
B5: C.S. MIRONES | C5: RIS 1 | D5: 6192
B6: C.S. CONDE DE LA VEGA BAJA | C6: RIS 1 | D6: 6186
B7: C.S. VILLA MARIA PERPETUO SOCORRO | C7: RIS 1 | D7: 6194
B8: C.S. MIRONES BAJO | C8: RIS 1 | D8: 6187
B9: P.S. JARDIN ROSA DE SANTA MARIA | C9: RIS 1 | D9: 6172
B10: C.S. UNIDAD VECINAL N° 3 | C10: RIS 1 | D10: 6193
B11: P.S. RESCATE | C11: RIS 1 | D11: 6188
B12: P.S. SANTA ROSA | C12: RIS 1 | D12: 6190
B13: P.S. PALERMO | C13: RIS 1 | D13: 61189
B14: C.S. SAN MIGUEL | C14: RIS 2 | D14: 6198
... B68: C.E.T.I.S PATRUCCO PUIG | C68: RIS 1 | D68: 6203
B69: C.S.M.C. MIRONES BAJO | C69: RIS 1 | D69: SIN COD IPRES
B70: C.S.M.C. SAN MARCOS | C70: RIS 1 | D70: 28401
B71: C.S.M.C HONORIO DELGADO | C71: RIS 2 | D71: 27703
B72: C.S.M.C. SAN MIGUEL | C72: RIS 2 | D72: 35717
B73: C.S.M.C. MAGDALENA | C73: RIS 2 | D73: SIN COD IPRES
B74: C.S.M.C. JESUS MARIA | C74: RIS 2 | D74: SIN COD IPRES
B75: C.S.M.C. KUYANAKUSUN | C75: RIS 3 | D75: 31374
B76: C.S.M.C. SAN ISIDRO | C76: RIS 3 | D76: SIN COD IPRES
B77: C.S.M.C. SURQUILLO | C77: RIS 3 | D77: SIN COD IPRES
B78: C.S.M.C. SAN BORJA | C78: RIS 4 | D78: 33452
B79: C.S.M.C. SAN COSME | C79: RIS 4 | D79: 33397
B80: C.S.M.C. LA VICTORIA | C80: RIS 4 | D80: 27711
B81: C.S.M.C. JAVIER MARIATEGUI CHIAPPE | C81: RIS 5 | D81: 27726
B82: C.S.M.C. MANGOMARCA | C82: RIS 5 | D82: SIN COD IPRES
B83: C.S.M.C. VILLA CAMPOY | C83: RIS 5 | D83: 35816
B84: C.S.M.C. NUEVO PERU | C84: RIS 6 | D84: 277288
B85: C.S.M.C. JAIME ZUBIETA | C85: RIS 7 | D85: 34256
